{
  "models": {
    "qwen2.5:1.5b": {
      "modes": {
        "direct": {
          "avg_score": 5.405555555555556,
          "p50_ms": 883.75,
          "p95_ms": 8704.640500000005,
          "avg_total_ms": 2453.911694444446,
          "rows": 360
        },
        "lite": {
          "avg_score": 5.348122866894198,
          "p50_ms": 860.22,
          "p95_ms": 5458.237999999999,
          "avg_total_ms": 1733.781979522184,
          "rows": 293
        }
      }
    }
  },
  "pairs": {
    "qwen2.5:1.5b:lite_vs_direct": {
      "overall": {
        "wins": 29,
        "losses": 29,
        "ties": 235,
        "raw_win_rate": 0.09897610921501707,
        "non_tie_win_rate": 0.5
      },
      "by_group": {
        "reasoning": {
          "wins": 20,
          "losses": 12,
          "ties": 58,
          "raw_win_rate": 0.2222222222222222,
          "non_tie_win_rate": 0.625
        },
        "structured_output": {
          "wins": 4,
          "losses": 7,
          "ties": 79,
          "raw_win_rate": 0.044444444444444446,
          "non_tie_win_rate": 0.36363636363636365
        },
        "instruction_constraints": {
          "wins": 1,
          "losses": 3,
          "ties": 86,
          "raw_win_rate": 0.011111111111111112,
          "non_tie_win_rate": 0.25
        },
        "multi_turn_continuity": {
          "wins": 4,
          "losses": 7,
          "ties": 12,
          "raw_win_rate": 0.17391304347826086,
          "non_tie_win_rate": 0.36363636363636365
        }
      }
    }
  }
}
